Date,News,Key Events,model_response_parsed
2019-01-20," The U.S. stock market declined on Monday as concerns over a global economic slowdown intensified following unexpected drops in China's exports and imports, with tech stocks suffering the most significant losses. The Philadelphia SE Semiconductor Index fell 1.6 percent, while the technology sector dropped 0.9 percent, dragging down the ||  The weak Chinese trade data led to a halt in Europe's four-day stock market rally on Monday, with technology and luxury goods sectors bearing the brunt of selling. Luxury retailers, including LVMH, Hermes, Kering, Moncler, and Pandora, dropped between 1% and 7%, while Bur ||  The Chinese auto market experienced its first contraction since the 1990s in 2018, with sales falling 2.8 percent to 28.1 million vehicles due to the phasing out of purchase tax cuts on smaller cars and the US-China trade war. Companies like Ford and Jaguar Land R ||  Dialog Semiconductor reported fourth quarter revenue in line with guidance despite a decrease in iPhone sales at main customer Apple. The company's shares rose 4% as investors praised its resilience amid other Apple suppliers missing targets or slashing their forecasts. Around 75% of Dialog's business comes from power management chips supplied to ||  U.S. stocks declined after the close on Monday, with losses in Utilities, Healthcare, and Technology sectors leading the way. The Dow Jones Industrial Average fell 0.36%, while the S&P 500 index dropped 0.53%, and the NASDAQ Composite index declined 0.9 ||  This news article reports on the recent drop in crude oil prices, with a focus on China's weakening economy as a major factor. After a strong rally in January, crude oil prices fell due to concerns over decreasing exports and imports in China, which is the world's second-largest economy and a significant driver of ||  The Dow Jones Industrial Average and S&P 500 ended lower on Monday as concerns over global growth weighed on tech stocks, while Citigroup's mixed fourth-quarter earnings report partially offset losses. The financial sector gained on Citigroup's strong earnings, but broader market gains were limited due to falling tech stocks. ||  The Lynx Equity Strategies analysts, KC Rajkumar and Jahanara Nissar, have reported hearing rumors that Apple may be considering cutting back on its self-driving vehicle program. This potential reversal could impact Services segment as the loss of this new growth vector might indicate stagnating iPhone sales, leading || In a reversal for Qualcomm, a German court dismissed its patent lawsuit against Apple, stating that the patent in question was not violated. Qualcomm plans to appeal after winning a separate case in Munich in December that enabled it to enforce a ban on older iPhone sales. Apple is also facing a ban on some iPhones in China and ||  TD Ameritrade, an Omaha-based brokerage firm, has partnered with Apple to allow customers to fund their accounts instantly using debit cards in Apple Pay digital wallets. This feature, which is the first of its kind in the industry, enables customers to transfer up to $10,000 per day and access ||  In summary, U.S stocks rose on Tuesday with technology and internet companies leading gains after Netflix announced a price increase for U.S subscribers and optimism towards Chinese economic stimulus. The S&P 500 communication services and technology indices surged. Despite disappointing earnings reports from major banks, the market was resilient ||  In Tuesday trading, the Dow, S&P 500, and Nasdaq rose as tech stocks surged, led by Netflix's price increase. JPMorgan rebounded from weak earnings, while Wells Fargo struggled after mixed results and continued regulatory scrutiny. Stimulus measures in China eased investor concerns over ||  The U.S. Court of Appeals for the Federal Circuit upheld a $440 million judgment against Apple in a patent infringement case brought by intellectual property licensing firm VirnetX. The jury verdict, originally worth $302 million, grew with interest, enhanced damages, and other costs. Apple plans to ||  Record-breaking online sales of $126 billion during the 2018 U.S. holiday season, up 16.5% from last year, with mobile platforms accounting for 51% of traffic and nearly a third of spending. Adobe reported record online sales on Thanksgiving ($3.7 billion), ||  Verizon announced that it will offer free Apple Music subscriptions with some of its top tier data plans, deepening its partnership with Apple. This move comes as Apple turns to its services segment for growth and has been partnering with rivals such as Samsung and Amazon. Last year, Verizon offered a six-month trial of Apple Music with its ||  Verizon has announced an expansion of its partnership with Apple Music, making it a built-in inclusion for Beyond Unlimited and Above Unlimited plan subscribers. Since last summer, new subscribers have received six months of free Apple Music service. Go Unlimited customers will continue to receive this offer, while those on other plans will pay $ ||  Netflix raised the prices of its standard, premium, and basic plans in the US for the first time since October 2017. The standard plan now costs $12.99 per month, up from $10.99, while the top plan is $15.99, up from $13.9 ||  Belarus unveiled its world-first regulated tokenized securities exchange on Tuesday, enabling traders to buy shares and other assets using cryptocurrencies. The platform, developed by IT investment firms VP Capital and Larnabel Ventures, offers tokens that track the value of real assets like stocks in Apple Inc, gold, oil ||  Apple Inc. (AAPL) shares declined in postmarket trading after the technology giant announced it would cut back on hiring for some divisions due to fewer iPhone sales and missing revenue forecasts for the holiday quarter. Alcoa Corporation (AA) saw its stock fall despite reporting adjusted earnings that beat expectations; aluminum prices were lower than anticipated. ||  In this news article, Paul Cretien discusses the FAANG stocks, which are Facebook, Apple, Amazon, Netflix, and Google. These stocks have strong performances and are highly correlated but offer various levels of price volatility. The best pair trading opportunity in 2018 was between Amazon and Netflix due to their high correlation ||  Apple CEO Tim Cook announced internal staffing adjustments in response to lower-than-expected iPhone sales and missed revenue forecasts during the holiday quarter. Sources familiar with the matter reported this news through Reuters and Bloomberg, stating that some divisions would be reducing hiring. Cook disclosed this information to employees in a recent meeting, following his ||  Veteran producer Jason Katims is leaving Universal TV to join Apple for a multiyear deal. His production company, True Jack Productions, will remain at Universal until the summer. Katims has created shows like ""Parenthood"" and ""Roswell,"" and had writing-production credits on ""Friday Night Lights"" and "" ||  Apple CEO Tim Cook informed employees of planned hiring cuts for some divisions following disappointing iPhone sales and missed revenue forecasts during the holiday quarter. The exact divisions have not been identified, but AI teams will continue expanding at a strong pace. Hiring reductions will not impact new office openings in Austin or LA for video content production. ||  This news article reports that China's top government-linked think tank, the Chinese Academy of Social Sciences (CASS), criticized foreign companies such as Apple, Amazon, Nike, Siemens, ABB, and Subaru for not correctly referring to Hong Kong and Taiwan as part of China in a report. The companies were accused of ||  Belarus introduced a new platform enabling investors to buy real assets such as shares, gold, using cryptocurrencies. Bitcoin slipped while Ethereum rose, and other digital coins also traded lower. The platform plans to issue 10,000 tokens representing traditional financial instruments, with current offerings including gold, oil, metals || In a German court ruling, Apple has been banned from using part of a press release stating iPhones were available through carriers and resellers in Germany. The ruling followed a patent dispute between Apple and Qualcomm, which led to the ban on iPhone 7 and 8 sales at Apple retail stores in December. The court found that the press ||  U.S. futures rose on Friday following reports that U.S. and Chinese officials discussed the possibility of lifting some tariffs, improving investor sentiment. U.S. Treasury Secretary Steven Mnuchin suggested offering a rollback during upcoming trade talks scheduled for Jan. 30. The S&P 500 ||  Foxconn, Apple's biggest iPhone assembler, has let go around 50,000 contract workers in China earlier than usual this year. The scale of the cuts is not necessarily deeper than previous years but significantly earlier. It's unusual to ask assembly line workers to leave before the end of the year. Foxconn was ||  In the article, two Japanese electronics companies, Nidec and Yaskawa Electric, announced profit decline warnings due to the US-China trade war. Nidec's profit outlook was cut by a quarter because of weak demand from China and smartphone markets. Yaskawa Electric also lowered its annual operating profit for the second"," 
""Top 3 Positive News"": [
           {
             ""Summary"": ""Apple and Netflix led tech stocks higher on Tuesday, contributing to a rise in U.S. stocks, as optimism towards Chinese economic stimulus eased investor concerns.""
           },
           {
             ""Summary"": ""Verizon expanded its partnership with Apple, offering free Apple Music subscriptions with some top tier data plans, deepening their collaboration.""
           },
           {
             ""Summary"": ""Belarus launched a world-first regulated tokenized securities exchange, enabling traders to buy shares and other assets using cryptocurrencies.""
           }
       ],

       ""Top 3 Negative News"": [
           {
             ""Summary"": ""U.S. stocks declined on Monday due to concerns over a global economic slowdown, with tech stocks suffering the most significant losses.""
           },
           {
             ""Summary"": ""China's exports and imports dropped unexpectedly, leading to a halt in Europe's stock market rally and causing losses in the technology and luxury goods sectors.""
           },
           {
             ""Summary"": ""Apple faces patent lawsuits and potential bans on iPhone sales in both Germany and China, impacting its stock price.""
           }
       ]
    }",{}
